{"cameraMode":{"drawMode":0,"name":"Shaded","section":"Shading Mode"},"sceneLighting":false,"audioPlay":false,"sceneViewState":{"m_AlwaysRefresh":false,"showFog":true,"showSkybox":false,"showFlares":true,"showImageEffects":true,"showParticleSystems":true,"showVisualEffectGraphs":true,"m_FxEnabled":true},"in2DMode":false,"pivot":{"x":0.007503986358642578,"y":0.30059918761253359,"z":-0.00672120600938797},"rotation":{"x":0.31056472659111025,"y":0.0776653066277504,"z":-0.02539101615548134,"w":0.9472619891166687},"size":0.32052621245384219,"orthographic":false}